{"RuleTriggered": 32, "Violations": 32, "Details": {"algo-1": {"cpu": {"p25": 15.766041666666666, "p50": 16.231041666666666, "p75": 16.58651041666667, "p95": 17.342489583333318, "upper": 17.817213541666675, "lower": 14.535338541666661}, "gpu1": {"p25": 98.0, "p50": 100.0, "p75": 100.0, "p95": 100.0, "upper": 100.0, "lower": 95.0}, "gpu1_memory": {"p25": 5.0, "p50": 14.0, "p75": 18.0, "p95": 33.0, "upper": -102.0, "lower": 125.0}, "gpu2": {"p25": 98.0, "p50": 100.0, "p75": 100.0, "p95": 100.0, "upper": 100.0, "lower": 95.0}, "gpu2_memory": {"p25": 5.0, "p50": 14.0, "p75": 18.0, "p95": 33.0, "upper": -102.0, "lower": 125.0}, "gpu3": {"p25": 98.0, "p50": 100.0, "p75": 100.0, "p95": 100.0, "upper": 100.0, "lower": 95.0}, "gpu3_memory": {"p25": 5.0, "p50": 14.0, "p75": 18.0, "p95": 33.0, "upper": -102.0, "lower": 125.0}, "gpu0": {"p25": 98.0, "p50": 100.0, "p75": 100.0, "p95": 100.0, "upper": 100.0, "lower": 95.0}, "gpu0_memory": {"p25": 5.0, "p50": 14.0, "p75": 18.0, "p95": 33.0, "upper": -102.0, "lower": 125.0}}, "last_timestamp": 1700276760000000}, "Datapoints": 37620, "RuleParameters": "cpu_threshold_p95:70\ngpu_threshold_p95:70\ngpu_memory_threshold_p95:70\npatience:1000\nwindow:500"}